?ssze?ll?t?s,Szerelv?nysz.,H?tf?,Kedd-cs?t?rt?k,p?ntek,Szombat,vas?rnap,H?tf?
1 Bvpmot (415),1331,4110v-Karbantart(5.1)-(Ab)4215e-4616e-4623v-4636e-4643v-4618-4621-4228e(Ab)-4228-4241,4570-4519-4520-9712-9727-9714-9725-9716-9723-9718-9721-9758,9729-3519-3522-8722-8715-3525-3834-3813-3526-8726-8711-3521-3838-4711-4958,4909-4912v-4937e-4924v-4913e-4936v-4921e,4810-4819v-4920e-4927v-4914e-4945v-4926k-4911v-4938e,4919v-...
1 Bvpmot (415),1332,4570v-4519-4520-9712-9727-9714-9725-9716-9723-9718-9721-9758,9729-3519-3522-8722-8715-3525-3834-3813-3526-8726-8711-3521-3838-4711,4620e-24610-3817-3592-20941e-20437-9304-4921e,Tartal?k,Tartal?k,4110k-...
1 Bvpmot (415),1333,9729-3519-3522-8722-8715-3525-3834-3813-3526-8726-8711-3521-3838-4711,4620e-24610-3817-3592-20941e-20437-9308-4951e,14420v/e-3512-3537-3842-3825-3534-3513-3826-3843-3518-3531-3598-20942,Tartal?k,4934e-1935-20345e/v-4238e,4229v-...
1 Bvpmot (415),1334,4620e-24610-3817-3592-20941e-20437-9308-4951e,14420v/e-3512-3537-3842-3825-3534-3513-3826-3843-3518-3531-3598-20942,"24720-4667-24612-4677(Kl)-(Kl)4677v-4632-4647-4614-4625-4634-4645-4616v-4623e-4636v-4643e-4218-4231",4570-4519v-20460-3860-3877-3532-3515-3874-3895-3516-3533-3896-3871-3538-9758,9739-3517-3872-3897-3514-3535-3894-3873-3536-3511-3878-4691,4570v-...
1 Bvpmot (415),1335,14420v/e-3512-3537-3842-3825-3534-3513-3826-3843-3518-3531-3598-20942,"24720-4667-24612-4677(Kl)-(Kl)4677v-4632-4647-4614-4625-4634-4645-4616v-4623e-4636v-4643e-4218-4231(Ab)-(Ab)4231v",14420e/v-3810e-3827v-3532e-4515v-4276-4233(Ab)-(Ab)4233v-4918e-9448,29430-9429-4987(Bn)-(Bn)4987v-4942e-4935v-4916e-4943v-4928e-4951v,"4110-24010-8030-8037-(Ab)4237e-4214v(Ab)-(Ab)4214-4225(Ab)-(Ab)4225v-4226-4243(Ab)-(Ab)4243v-4228k(Ab)-8028e",8027...
1 Bvpmot (415),1336,"24720-4667-24612-4677(Kl)-(Kl)4677v-4632-4647-4614-4625-4634-4645-4616v-4623e-4636v-4643e-4218-4231(Ab)-(Ab)4231v",14420e/v-3810e-3827v-3532e-4515v-4276-4233(Ab)-(Ab)4233v-4918e,"4919v-4612e-4627v-4232e(Ab)-(Ab)4232-4215(Ab)-(Ab)4215v-4134-Karbantart(3.4)-(Ab)4211e-4228v(Ab)-8028",8029-(Ab)4219e-4212v(Ab)-8032-8035-(Ab)4215e-4216v(Ab)-8046-8031-4121v-8738,8729-4420-4447-4414-4435-4416-4433-4418-34411e,4417e...
1 Bvpmot (415),1337,14420e/v-3810e-3827v-3532e-4515v-4276-4233(Ab)-(Ab)4233v-4918e,"4919v-4612e-4627v-4232e(Ab)-(Ab)4232-4215(Ab)-(Ab)4215v-4134-Karbantart(3.4)-(Ab)4211e-4228v(Ab)-8028v",8029-(Ab)4219e-4310v-4317-20941-9058-9061e,4539e-4512v-4527e-4542v-4515e-4534v-4545e-4526v-4533e-4518v-4521e-4548v,4539e-4512v-4527e-4542v-4515e-4534v-4545e-4526v-4533e-4518v-4521e-4548v,9720-...
1 Bvpmot (415),1338,4919v-4612e-4627v-4232e(Ab)-(Ab)4232-4215(Ab)-(Ab)4215v-4134-Karbantart(3.4)-(Ab)4211e-,8029-(Ab)4219e-4310v-4317-20941-9058,9057-9066-9061v,4539v-4512e-4527v-4542e-4515v-4534e-4545v-4526e-4533v-4518e-4521v-4548e,4539v-4512e-4527v-4542e-4515v-4534e-4545v-4526e-4533v-4518e-4521v-4548k,4539e...
1 Bvpmot (415),1339,8029-(Ab)4219e-4310v-4317-20941-9058,9057-9066-9061,4529v-4610e-4617v-4622-4637-4642-4615-4624-4635-4644-4613-4626v-4633e-4646v-4611e-4118,24010e-8030k-8052v-28124v-28125e-8067-8054-8065-8056-8063-8058-8061,18050-8057-8062-8055-8064-8063v-8031v(lez?rva)-4121v(Lez?rva)-8738,8729-...
1 Bvpmot (415),1340,29010-9057-9066-9061,"4529v-4610e-4617v-4622-4637-4642-4615-4624-4635-4644-4613-4626v-4633e-4646v-4611e-4338-4341-4568","4539e-4410v(Bi)-4837-24424-4847-20940e-4214v-Karbantart(3.3)-(Ab)4223e-4208-4221(Ab)-(Ab)4221v",4210e-8040e-8222-8205-8236-8201-18208,18210-8207-8214-8213-8041v,4810e...
1 Bvpmot (415),1341,"4570e-4529v-4610e-4617v-4622-4637-4642-4615-4624-4635-4644-4613-4626v-4633e-4646v-4611e-4338-4341-4568","4539e-4410v(Bi)-4837-24424-4847-20940e-4214v-Karbantart(3.3)-(Ab)4223e-4208-4221(Ab)-(Ab)4221v-4238e",4229v-4312-4337-20940v-4214e(Ab)-(Ab)4214-4225-4286-4243(Ab)-(Ab)4243v-4928e-4951k,4110-24010v-8030v-8037-(Ab)4237e-4236e(Ab)-(Ab)4236-4211-4228e(Ab)-(Ab)4228-4241,20460-3860-3877-3532-3515-3874-3895-3516-3533-3896-3871-3538-4541,4210v...
1 Bvpmot (415),1342,4539e-4410v(Bi)-4837-24424-4847-20940e-4214v-Karbantart(3.3)-(Ab)4223e-4208-4221(Ab)-,4229v-4312-4337-20940v-4214e(Ab)-(Ab)4214-4225-4286-4243(Ab)-(Ab)4243v-4118-(Ab)4231e,14420k-3810v-3827e-3532v-3515-3824-3845-3516-3533-3846-3821-3538,8720-8717-3547-3864-3885-3544-8716-8723-3543-3868-3881,3510-3527-3882-3865-3524-8724-8713-3523-3886-3861-3528,8720-...
1 Bvpmot (415),1343,4229v-4312-4337-20940v-4214e(Ab)-(Ab)4214-4225-4286-4243(Ab)-(Ab)4243v-4118-(Ab)4231e,14420k-3810v-3827e-3532v-3515-3824-3845-3516-3533-3846-3821-3538,4539v-4410e(Bi)-(Bi)4410-4437-4432-4425-4444-4423-4446-34473,34452-34427-(Bn)4987e-4987e-4942v-4935e-4916v-4943e-4928v-4951k,4210e(Ab)-8040-8047-(Ab)4257e-4224v(Ab)-8036-8043-(Ab)4243e-4228v(Ab)-8028v,8029-...
1 Bvpmot (415),1344,14420k-3810v-3827e-3532v-3515-3824-3845-3516-3533-3846-3821-3538,4539v-4410e(Bi)-(Bi)4410-4437-4432-4425-4444-4423-4446-34473,34412-34427-(Bn)4917v-4932e-4925v-4944e-4933v-4028e(Ab)-(Ab)4028,8030e-8052e-28124e-28125v-8055-8064-8053-8066-8051-8068-18091-28022,8059-8052-8067-8054-8065-8056-8063e-8031k-4121k-4128,4250...
1 Bvpmot (415),1345,4539v-4410e(Bi)-(Bi)4410-4437-4432-4425-4444-4423-4446-34473,34412-34427-(Bn)4917v-4932e-4925v-4944e-4933v-4028e(Ab)-(Ab)4028,8030-8037-(Ab)4237e-4942v-4935e-4916v-4943e-8018v,18019-(Ab)4239e-4412-4457-4424-4445-4426-4411-4428-34421,34450-34457-(Bn)4989e-4932v-4925e-4944v-4933e-4918v,4917(Bn)...
1 Bvpmot (415),1346,34412-34427-(Bn)4917v-4932e-4925v-4944e-4933v-4028e(Ab)-(Ab)4028,8030-8037-(Ab)4237e-4942v-4935e-4916v-4943e-4928v-4951k,4810v-4819e-4920v-4927e-4914v-4945e-4926v-4911e-4428v-34421e,34450-34457-(Bn)4989e-4932v-4925e-4944v-4933e-4918v-4951e,4210v(Ab)-(Ab)4210-4227-4232e(Ab)-(Ab)4232-4215(Ab)-(Ab)4215v-4234-4223(Ab)-(Ab)4223v-4146,4119...
1 Bvpmot (415),1347,4110e-24010-8030-8037-(Ab)4237e-4942v-4935e-4916v-4943e-4928v-4951k,4810v-4819e-4920v-4927e-4914v-4945e-4926v-4911e-4428v-34421e,4417e-4222v(Ab)-Karbantart(3.2)-4125v-4116e-8046-8031-(Ab)4221k,4210k(Ab)-8040v-8047-(Ab)4257e-4224v(Ab)-8036-8043-(Ab)4243e-4228v(Ab)-8028,8029-(Ab)4219e-4212v(Ab)-8032-8035-(Ab)4215e-4216v(Ab)-8046-8031e-4121e,4210e...
1 Bvpmot (415),1348,4810v-4819e-4920v-4927e-4914v-4945e-4926v-4911e-4428v-34421e,4417e-4222v(Ab)-Karbantart(3.2)-4125v-4116e-8046-8031-(Ab)4221k-4238k,4229e-4212v(Ab)-8032-8035-4215k-4206-4223(Ab)-(Ab)4223v-4946e-4931v-4238e,"4229-4212e(Ab)-(Ab)4212-4257(Ab)-(Ab)4257v-4114-4125-4216e(Ab)-(Ab)4216-4233-4218e(Ab)-(Ab)4218-4231(Ab)-(Ab)4231v-4238e",4229-4212e(Ab)-(Ab)4212-4257(Ab)-(Ab)4257v-4114-4125-4216e(Ab)-(Ab)4216-4233-4218-4231,4570k...
1 Bvpmot (415),1349,4417e-4222v(Ab)-Karbantart(3.2)-4125v-4116e-8046-8031-(Ab)4221k-4238k,4229e-4212v(Ab)-8032-8035-4215k-4206-4223(Ab)-(Ab)4223v-4946e-4931v-4948e,4917(Bn)-(Bn)4917e-4932v-4925e-4944v-4933e-4028v(Ab)-(Ab)4221e,"4210v(Ab)-(Ab)4210-4227-4232e(Ab)-(Ab)4232-4215(Ab)-(Ab)4215v-4234-4223(Ab)-(Ab)4223v-4146-4121e-4128",4250-4239(Ab)-(Ab)4239v-4122-4147-4214e(Ab)-18044-18045-(Ab)4225e-4236v(Ab)-8038-8041e,4810v-...
1 Bvpmot (415),1350,4229e-4212v(Ab)-8032-8035-4215k-4206-4223(Ab)-(Ab)4223v-4946e-4931v-4948e,4917(Bn)-(Bn)4917e-4932v-4925e-4944v-4933e-4028v(Ab)-(Ab)4221e-4238v,"4219(Ab)-(Ab)4219v-4310e-4327-4332-4357-4314-4325-4334-4345-4316-4323-4336-4343-4318-4321-4938-4961",4790-9720-19749-4232v(Ab)-8034-8033-(Ab)4223e-4218v(Ab)-18048,18019-(Ab)4239e-4412-4457-4424-4445-4426-4411-4428-34421,34412-...
1 Bvpmot (415),1351,4917(Bn)-(Bn)4917e-4932v-4925e-4944v-4933e-4028v(Ab)-(Ab)4221e-4238v,"4219(Ab)-(Ab)4219v-4310e-4327-4332-4357-4314-4325-4334-4345-4316-4323-4336-4343-4318-4321-4128",4119-4220-4237(Ab)-(Ab)4237v-4942e-4935v-4916e-4943v-8018e,8210-8207-8214-8213,8222-8205-8033v-4223k-8018,8019...
1 Bvpmot (415),1352,"4219(Ab)-(Ab)4219v-4310e-4327-4332-4357-4314-4325-4334-4345-4316-4323-4336-4343-4318-4321-4128",4119-4220-4237(Ab)-(Ab)4237v-4942e-4935v-4916e-4943v-4928e-4951v,4810e-4819v-4920e-4927v-4914e-4945v-4926e-4911v-4428e(Bn)-(Bn)4428e(lez?rva)-34421v(lez?rva),34420-34459-(Bn)4999e-4922v-4915e-4934v-4923e-4946v-4931e,4410-4437-4432-4425-4444-4423-4446-34411v,4417v...
1 Bvpmot (415),1353,4119-4220-4237(Ab)-(Ab)4237v-4942e-4935v-4916e-4943v-4928e-4951v,4810e-4819v-4920e-4927v-4914e-4945v-4926e-4911v-4428e(Bn)-(Bn)4428e(lez?rva)-34421v(lez?rva),"4417v-4222e(Ab)-(Ab)4222-4257(Ab)-(Ab)4257v-4224e(Ab)-(Ab)4224-4213-4136v-Karbantart(3.5)-(Ab)8041e",18592v-18593e,18592v-18593e,4620v...
1 Bvpmot (415),1354,4810e-4819v-4920e-4927v-4914e-4945v-4926e-4911v-4428e(Bn)-(Bn)4428e(lez?rva)-34421v(lez?rva),4417v-4222e(Ab)-(Ab)4222-4257(Ab)-(Ab)4257v-4224e(Ab)-(Ab)4224-4213-4136v-Karbantart(3.5),4129-4522v-4537e-4514v-4525e-4544v-4513e-4536v-4543e-4528v-4531e,4670v-3869-3512-3537-3892-3875-3534-3513-3876-3893-3518-3531-3598-20942,4670v-3869-3512-3537-3892-3875-3534-3513-3876-3893-3518-3531-3598-20942,24720-4667-.
1 Bvpmot (415),1355,4417v-4222e(Ab)-(Ab)4222-4257(Ab)-(Ab)4257v-4224e(Ab)-(Ab)4224-4213-4136v-Karbantart(3.5),4129-4522v-4537e-4514v-4525e-4544v-4513e-4536v-4543e-4528v-4531e,4210v(Ab)-(Ab)4210-4207-4296-4211(Ab)-(Ab)4211v-4228e(Ab)-4228-4241,4510-9712-9727-9714-9725-9716-9723-9718-9721-4541e,4780-4519-4520-9712-9727-9714-9725-9716-9723-9718-9721-9758,9739-...
1 Bvpmot (415),1356,4129-4522v-4537e-4514v-4525e-4544v-4513e-4536v-4543e-4528v-4531e,4210v(Ab)-(Ab)4210-4207-4296-4211(Ab)-(Ab)4211v-4228k(Ab)-8028e,8027-4546e-4511v,Tartal?k,Tartal?k,14420e/v-3810e...
1 Bvpmot (415),1357,4210v(Ab)-(Ab)4210-4207-4296-4211(Ab)-(Ab)4211v-4228k(Ab)-8028e,8027-4546e-4511v-4538e,4529e-4610v-4617e-4412-4457-4424-4445-4426-4411,Tartal?k,Tartal?k,4110v-...
1 Bvpmot (415),1358,8027-4546e-4511v-4538e,4529e-4610v-4617e-4412-4457-4424-4445-4426-4411-8018,8019-4212e(Ab)-(Ab)4212-4247-4114-4125e-4116v-Karbantart(5.3)-(Ab)8041k,18592e-18593v,18592e-18593v,4620e-...
1 Bvpmot (415),1359,4570k-4529e-4610v-4617e-4412-4457-4424-4445-4426-4411-8018,8019-4212e(Ab)-(Ab)4212-4247-4114-4125e-4116v-Karbantart(5.3),4250-4209-4522e-4537v-4514e-4525v-4544e-4513v-4536e-4543v-4528e-4531v,4670e-3867-3522-28712-8715-3525-3884-3863-3526-8726-28711-3521-3838-4711,4670e-3867-3522-28712-8715-3525-3884-3863-3526-8726-28711-3521-3838-4711,4570e-...
1 Bvpmot (415),1360,8019-4212e(Ab)-(Ab)4212-4247-4114-4125e-4116v-Karbantart(5.3),4250-4209-4522e-4537v-4514e-4525v-4544e-4513v-4536e-4543v-4528e-4531v,4210e(Ab)-8040-8047-(Ab)4257e-4224v(Ab)-(Ab)-8036-8043-(Ab)4243e-4928v-4951e,4912e-4937v-4924e-4913v-4936e-4921v-4838,4819e-4920v-4927e-4914v-4945e-4926v-4911e-4938v,4919e-...
1 Bvpmot (415),1361,4250-4209-4522e-4537v-4514e-4525v-4544e-4513v-4536e-4543v-4528e-4531v,4210e(Ab)-8040-8047-(Ab)4257e-4224v(Ab)-(Ab)-8036-8043-(Ab)4243e,4110k-Karbantart(3.1)-4115-4626e-4633v-4646e-4611v-4628-4631-4128,"4250-4239(Ab)-(Ab)4239v-4122-4147-4214-4225(Ab)-(Ab)4225v-4226-4243(Ab)-(Ab)4243v-4118-4231e-4238v","4219(Ab)-(Ab)4219v-4220-4237(Ab)-(Ab)4237v-4132-4115-4224e(Ab)-(Ab)4224-4213-4236e(Ab)-(Ab)4236-4211-4228e(Ab)-(Ab)4228-4241",8710-...
1 Bvpmot (415),1362,4210e(Ab)-8040-8047-(Ab)4257e-4224v(Ab)-(Ab)-8036-8043-(Ab)4243e,4110k-Karbantart(3.1)-4115-4626e-4633v-4646e-4611v-4628-4631,8710-8727-3527-3832-3815-3524-8724-8713-3523-3836-3811-3528,9722-9715-9724-9713-9726-9711-9728,9729-3519-3862-3887-3542-8714-8725-3545-3866-3883-3546-8718-8721,29010-9057...
1 Bvpmot (415),1363,4110k-Karbantart(3.1)-4115-4626e-4633v-4646e-4611v-4628-4631,8710-8727-3527-3832-3815-3524-8724-8713-3523-3836-3811-3528,8720-8717-3547-3814-3835-3544-8716-8723-3543-3818-3831,3510-3527-3882-3865-3524-8724-8713-3523-3886-3861-3528-4541e,9722-9715-9724-9713-9726-9711-9728,9729-...
1 Bvpmot (415),1364,8710-8727-3527-3832-3815-3524-8724-8713-3523-3836-3811-3528,8720-8717-3547-3814-3835-3544-8716-8723-3543-3818-3831,3510-9722-9715-9724-9713-9726-9711-9728,9729-3519-3862-3887-3542-8714-8725-3545-3866-3883-3546-8718-8721-4541v,4790-9720-19749-4232v(Ab)-8034-8033e-(Ab)4223e-4118,4129...
1 Bvpmot (415),1365,8720-8717-3547-3814-3835-3544-8716-8723-3543-3818-3831,3510-9722-9715-9724-9713-9726-9711-9728,9739-3517-3822-3847-3514-3535-3844-3823-3536-3511-3828-4641-4948,4999(Bn)-(Bn)4999v-4922e-4915v-4934e-4923v-4946e-4931v-4948,4999(Bn)-(Bn)4999v-4922e-4915v-4934k-4923v-4946e-4931v,14420k-3810v...
1 Bvpmot (415),1366,3510-9722-9715-9724-9713-9726-9711-9728,9739-3517-3822-3847-3514-3535-3844-3823-3536-3511-3828-4641,4620v-3819-3812-3837-3542-8714-8725-3545-3816-3833-3546-8718-8721-4541v,Tartal?k,Tartal?k,4110e-...
1 Bvpmot (415),1367,9739-3517-3822-3847-3514-3535-3844-3823-3536-3511-3828-4641,4620v-3819-3812-3837-3542-8714-8725-3545-3816-3833-3546-8718-8721,9720-9749-(Kl)4677e-4132-Karbantart(5.2)-(Ab)4233e-4918v-9458,9419-4989(Bn)-(Bn)4989v-4932e-4925v-4944e-4933v-4918e-9448,9419-4989(Bn)-(Bn)4989v-4932e-4925v-4944k-4933v-4918e,29931e-34420-...
1 Bvpmot (415),1368,4620v-3819-3812-3837-3542-8714-8725-3545-3816-3833-3546-8718-8721,9720-9749-(Kl)4677e-4132-Karbantart(5.2)-(Ab)4233e-4918v,4919e-4612v-4627e-4232v(Ab)-8034-8033-(Ab)4223k-4946v-4931e-4238v,"4219(Ab)-(Ab)4219v-4220-4237(Ab)-(Ab)4237v-4132-4115-4224e(Ab)-(Ab)4224-4213-4236v(Ab)-80388041-4958",4909v-4912e-4937v-4924e-4913v-4936e-4921v-4838,4829(Bn)...
1 Bvpmot (415),1369,9720-9749-(Kl)4677e-4132-Karbantart(5.2)-(Ab)4233e-4918v,4919e-4612v-4627e-4232v(Ab)-8034-8033-(Ab)4223k-4946v-4931e-4948v,29931e-34420-34419-(Bn)4829e-4912v-4937e-4924v-4913e-4936v-4921e,Tartal?k,4944e-1945-20345k-4238k,4229e-...
1 Bvpmot (415),1370,4919e-4612v-4627e-4232v(Ab)-8034-8033-(Ab)4223k-4946v-4931e-4948v,29931e-34420-34419-(Bn)4829e-4912v-4937e-4924v-4913e-4936v-4921e-4838,4829(Bn)-(Bn)4829v-4912e-4937v-4924e-4913v-4936e-4921v,Tartal?k,4926e-1943-20345v/e-4238v,4219...
1 Bvpmot (415),1371,29931e-34420-34419-(Bn)4829e-4912v-4937e-4924v-4913e-4936v-4921e-4838,4829(Bn)-(Bn)4829v-4912e-4937v-4924e-4913v-4936e-4921v-8738,8729-4322-4347-4342-4315-4324-4335-4344-4313-4326-4333-4346-4311-4328-4331-8738,8729-4420-4447-4414-4435-4416-4433-4418-34411e,34420-34459-(Bn)4999e-4922v-4915e-4934v-4923e-4946v-4931e,14420v/e-3512...
1 Bvpmot (415),1372,4829(Bn)-(Bn)4829v-4912e-4937v-4924e-4913v-4936e-4921v-8738,8729-4322-4347-4342-4315-4324-4335-4344-4313-4326-4333-4346-4311-4328-4331,4110v-Karbantart(5.1)-(Ab)4215e-4616e-4623v-4636e-4643v-4618-4621-968,969-4422-4415-4434-4413-4436-4421-968,969-4422-4415-4434-4413-4436-4421-4548e,4539v-...
1 Bvpmot (415),1373,8729-4322-4347-4342-4315-4324-4335-4344-4313-4326-4333-4346-4311-4328-4331,4110v-Karbantart(5.1)-(Ab)4215e-4616e-4623v-4636e-4643v-4618-4621-4228e(Ab)-4228-4241,4570-4519-4520-9712-9727-9714-9725-9716-9723-9718-9721-9758,9739-3517-3872-3897-3514-3535-3894-3873-3536-3511-3878-4691-4568,8720-8717-3547-3864-3885-3544-8716-8723-3543-3868-3881,3510...
1 Bvpmot (415),1374,9419-4929(Bn)-(Bn)4929v-4922e-4915v-4934e-4923v-4436e-4421v-4938e-9458,9419-4929(Bn)-(Bn)4929v-4922e-4915v-4934e-4923v-4436e-4421v-4938e-9458,9419-4929(Bn)-(Bn)4929v-4922e-4915v-4934e-4923v-4436e-4421v-4338-4341,4810-4819v-4920e-4927v-4914e-4945v-4926e-4911v-4938e-9458,29430-9429-4987(Bn)-(Bn)4987v-4942e-4935v-4916e-4943v-4928e-9458,9419...
1 Bvpmot (415),1375,29931v-34410-34417-(Bn)4929e-4922v-4915e-4934v-4923e-4436v-4421e-4938v,29931v-34410-34417-(Bn)4929e-4922v-4915e-4934v-4923e-4436v-4421e-4938v,29931v-34410-34417-(Bn)4929e-4922v-4915e-4934v-4923e-4436v-4421e-4838,4819e-4920v-4927e-4914v-4945e-4926v-4911e-4938v,4909e-4912v-4937e-4924v-4913e-4936v-4921e-4948,29931v-34410...
1 Bvpmot (415),1376,24422-4827-24430-4427-4422-4415-4434-4413-4136e-8038-8041,24422-4827-24430-4427-4422-4415-4434-4413-4136e-8038-8041,24422-4827-24430-4427-4422-4415-4434-4413-4136e-8038-8041(Ab)-(Ab)8041v,4410-4437-4432-4425-4444-4423-4446-34411v,34452-34427-(Bn)4987e-4987e-4942v-4935e-4916v-4943e-4928v-4951,24422-4827-...
1 Bvpmot (415),1377,4909e-4512v-4527e-4542v-4515e-4534v-4545e-4526v-4533e-4518v-4521e-4548v,4517e-4532v-4547e-4524v-4535e-4516v-4523e-4546v-4511e-4538v-4541e-4958v,4909e-4512v-4527e-4542v-4515e-4534v-4545e-4526v-4533e-4518v-4521e-4568,4529e-4522v-4537e-4514v-4525e-4544v-4513e-4536v-4543e-4528v-4531e,4570-4517v-4532e-4547v-4524e-4535v-4516e-4523v-4546e-4511v-4538e,4517v...
1 Bvpmot (415),1378,4517e-4532v-4547e-4524v-4535e-4516v-4523e-4546v-4511e-4538v-4541e-4958v,4909e-4512v-4527e-4542v-4515e-4534v-4545e-4526v-4533e-4518v-4521e-4548v,4517e-4532v-4547e-4524v-4535e-4516v-4523e-4546v-4511e-4538v-4541e,4780-4519e-4520v-4517e-4532v-4547e-4524v-4535e-4516v-4523e-4546v-4511e-4538v,4529e-4522v-4537e-4514v-4525e-4544v-4513e-4536v-4543e-4528v-4531e-4958v,4909e...
1 Bvpmot (415),1379,4909v-4512e-4527v-4542e-4515v-4534e-4545k-4526k-4533k-4518k-4521v-4548e,4517v-4532e-4547v-4524e-4535v-4516e-4523k-4546k-4511v-4538k-4541v-4958e,4909v-4512e-4527k-4542e-4515v-4534e-4545k-4526k-4533k-4518k-4521v-4548,4529v-4522e-4537v-4514e-4525v-4544e-4513v-4536e-4543v-4528e-4531v,4510-4517e-4532v-4547e-4524v-4535e-4516v-4523e-4546v-4511e-4538v,4517e...
1 Bvpmot (415),1380,4517v-4532e-4547v-4524e-4535v-4516e-4523k-4546k-4511v-4538k-4541v-4958e,4909v-4512e-4527k-4542e-4515v-4534e-4545k-4526k-4533k-4518k-4521v-4548e,4517v-4532e-4547v-4524e-4535v-4516e-4523v-4546k-4511k-4538e-4541k,4570-4519v-4520e-4517v-4532e-4547v-4524e-4535v-4516e-4523v-4546e-4511v-4538e,4529v-4522e-4537v-4514e-4525v-4544e-4513v-4536e-4543v-4528e-4531v-4958e,4909v...
